"Lab_ID","Field_ID","Date","Temp_C","pH","SpCond_us_cm","DO_mgL","CO2_ppm","CH4_ppm","Alkalinity_mgL","DIC_umolesL","DOC_mgL_ofC","SUVA_Lmg_Cm","UV_at254nm","Calcium_mgL","Potassium_mgL","Magnesium_mgL","Sodium_mgL","Chloride_mgL","Sulfate_mgL","Ammonium_mgL","Nitrate_mgL","Phosphorous_mgL","H2_permil","O18_permil","DIC_13C_permil","TYPE","Source"
9301,"Canvasback Lake","2007-08-29",16.8,8.58,609,11.9,967,35,404,7883,66,21,0.851,27.73,3.97,48.21,54.65,5.85,5.2,0.035,0.155,"NA",-106.11,-9.04,-2.93,"Lake","USGS_RStriegl"
9302,"Thumb Lake","2007-08-30",17.1,9.37,126,10.2,17,53,74,941,85,14,0.77,22.32,1.89,6.58,1.97,0.77,0.8,0.035,0.155,"NA",-125.86,-12.89,-9.34,"Lake","USGS_RStriegl"
9303,"Twelvemile Lake","2007-08-29",16.9,8.96,552,11.1,187,231,306,4690,87,4,0.409,26,23.97,62.04,18.43,7.67,42.3,0.035,0.155,"NA",-84.94,-4.46,1.05,"Lake","USGS_RStriegl"
9307,"West Crazy Lake","2007-08-30",16.5,8,119,10.2,424,4.6,46,766,20,21,0.518,17.29,2.23,5.58,1.52,1.02,15.7,0.035,0.155,"NA",-112.15,-10.02,-6.95,"Lake","USGS_RStriegl"
9308,"Twin Lakes","2007-08-30",17.3,9.22,145,10.4,37,14.6,62,882,28,20,0.577,24.49,0.59,6.73,1.48,0.68,21.3,0.035,0.155,"NA",-106.4,-8.97,-9.45,"Lake","USGS_RStriegl"
9309,"Scoter Lake","2007-08-30",17.4,8.54,320,8.9,676,7.7,187,3142,41,5,0.306,26.21,7.25,27.66,10.05,3.65,1.9,0.035,0.155,"NA",-123.41,-11.7,-1.17,"Lake","USGS_RStriegl"
9310,"Shack Lake","2007-08-29",18,8.73,1423,9.3,1492,7.7,848,15087,6,30,4.366,19.04,11.5,33.01,351.78,24.6,6.8,0.035,0.155,"NA",-139.06,-14.91,-4.19,"Lake","USGS_RStriegl"
9312,"Sands of Time Lake","2007-08-29",16,8.03,143,9.7,635,12.5,75,1335,29,14,0.459,23.64,1.62,6.4,1.8,0.89,5,0.035,0.155,"NA",-108.23,-9.27,-5.16,"Lake","USGS_RStriegl"
9318,"Twelvemile Pond","2007-08-29",NA,NA,NA,NA,180,8.4,108,1509,5,3,1.074,464.93,79.66,155.11,38,24.94,1482.06,0.09,0.155,"NA",-128.27,-13.26,-2.69,"Lake","USGS_RStriegl"
9321,"Teardrops Lake","2007-08-30",16.8,8.41,232,9.6,535,16.7,131,2387,115,4,0.083,32.19,2.85,12.93,4.12,1.53,5.6,0.035,0.155,"NA",-102.15,-8.33,-1.4,"Lake","USGS_RStriegl"
9323,"Greenpepper Lake","2007-08-30",16.8,8.89,831,9.8,NA,NA,464,NA,83,3,0.349,23.26,13,73.83,73.87,48.61,5.9,0.035,0.155,"NA",-113.36,-10.4,NA,"Lake","USGS_RStriegl"
9377,"Shack Lake","2008-03-28",0.2,7.96,3999,0.5,6643,2238,2467,21668,84,27,11.98,54.39,30.35,94.62,939.5,77.72,12.9,0.045,0.45,"NA",-112.48,-9.83,-4.59,"Lake","USGS_RStriegl"
9378,"Twin Lakes","2008-03-28",1.8,6.71,299,0.6,9959,4267,131,3108,75,20,0.933,43.63,2.26,11.88,2.6,1.4,19.5,0.89,0.155,"NA",-125.57,-12.36,-12.57,"Lake","USGS_RStriegl"
9379,"Greenpepper Lake","2008-03-26",0.7,8.36,1004,0.3,741,53,522,6389,98,2,0.373,24.78,14.33,87.27,79.4,55.33,6.2,0.21,0.76,"NA",-146.93,-16.74,-2.21,"Lake","USGS_RStriegl"
9380,"Sands of Time Lake","2008-03-28",0.6,7.07,185,8,2737,2.5,89,1825,47,13,0.508,27.4,2.21,7.44,2.1,1.07,5.8,0.045,0.63,"NA",-135.23,-14.06,-7.18,"Lake","USGS_RStriegl"
9381,"Twelvemile Lake","2008-03-27",0.4,8.07,720,0.9,832,8.9,359,4521,99,4,0.474,29.7,27.48,69.39,21.1,9.82,49.1,0.16,1.24,"NA",-134.48,-13.9,-0.1,"Lake","USGS_RStriegl"
9382,"Teardrops Lake","2008-03-27",1.1,7.65,283,9.8,976,22,147,2878,116,4,0.088,35.33,3.41,14.4,4.5,1.72,6.1,0.045,0.155,"NA",-157.72,-18.5,-2.24,"Lake","USGS_RStriegl"
9383,"Scoter Lake","2008-03-27",1.4,7.06,438,0.7,4407,27.4,235,4406,62,4,0.343,34.67,8.71,33.85,11.9,4.89,2.6,0.045,1.06,"NA",-114.21,-10.4,-2.91,"Lake","USGS_RStriegl"
9384,"Thumb Lake","2008-03-26",1,6.73,270,0.5,15081,9631,131,3178,111,14,1.201,38.28,4.29,10.99,2.9,1.52,0.8,1.94,0.155,"NA",-123.66,-11.94,-4.66,"Lake","USGS_RStriegl"
9385,"West Crazy Lake","2008-03-27",1.2,7.14,156,4.6,4369,4.4,55,1272,26,19,0.563,20.29,2.86,6.69,1.8,1.28,19.4,0.045,0.83,"NA",-112.9,-9.88,-11.42,"Lake","USGS_RStriegl"
9386,"Canvasback Lake","2008-03-27",0.9,7.01,1227,0.7,17725,4869,730,8862,108,18,1.418,51.07,6.76,94.64,103.5,11.94,6.2,2.03,0.155,"NA",-103.86,-8.54,-4.55,"Lake","USGS_RStriegl"
9406,"Thumb Lake","2008-05-23",13.5,7.2,152,10.4,2854,97.9,70,1645,72,16,0.769,16.83,1.95,4.89,1.24,1.01,0.81,0.12,0.155,"NA",-109.3,-9.68,-1.98,"Lake","USGS_RStriegl"
9407,"West Crazy Lake","2008-05-23",7.1,6.77,119,7.9,2768,13.5,40,1030,18,24,0.54,14.09,2.25,4.56,1.15,1.08,12.12,0.15,0.155,"NA",-132.8,-13.71,-10.05,"Lake","USGS_RStriegl"
9408,"Teardrops Lake","2008-05-23",5.5,7.99,280,10.8,1150,9,142,3315,120,4,0.094,33.78,3.11,13.72,4.17,1.67,5.8,0.045,0.155,"NA",-130.91,-13.78,-2.83,"Lake","USGS_RStriegl"
9409,"Shack Lake","2008-05-23",13.6,8.79,797,13.6,67230,18.9,434,8103,112,30,2.292,9.14,5.98,16.58,171.59,13.84,3.05,0.4,0.155,"NA",-161.26,-19.21,-4.88,"Lake","USGS_RStriegl"
9411,"Scoter Lake","2008-05-27",11.6,7.8,378,9.4,86284,41.1,201,4518,37,5,0.275,30.07,7.19,28.41,9.71,4.1,2.11,0.1,0.155,"NA",-112.11,-8.77,-2.07,"Lake","USGS_RStriegl"
9412,"Twelvemile Lake","2008-05-27",11.5,8.13,659,10.4,1711,29.3,304,6358,81,4,0.394,26.61,22.87,60.4,17.47,7.92,45.09,0.17,0.155,"NA",-116.08,-9.91,-0.16,"Lake","USGS_RStriegl"
9413,"Greenpepper Lake","2008-05-27",9.1,8.78,873,9.7,973,25.8,439,8684,73,3,0.328,21.13,11.91,75.37,66.29,45.24,8.58,0.19,0.155,"NA",-116.84,-10.52,-2.45,"Lake","USGS_RStriegl"
9414,"Canvasback Lake","2008-05-27",12.7,8.24,647,11,2512,10.3,364,7701,49,19,0.678,25.88,3.93,50.55,53.81,6.28,5.66,0.18,0.155,"NA",-150.5,-17.59,-3.14,"Lake","USGS_RStriegl"
9415,"Sands of Time Lake","2008-06-04",13.3,7.7,160,10.8,1215,8,75,1672,33,15,0.52,22.73,1.8,6.14,1.59,0.96,4.83,0.07,0.155,"NA",-111.39,-9.98,-6.1,"Lake","USGS_RStriegl"
9416,"Twin Lakes","2008-06-04",16.1,7.32,168,8.7,31250,28.2,52,1379,53,26,0.911,23.88,1.49,6.06,1.1,0.97,19.14,0.07,0.155,"NA",-141.79,-15.14,-8.91,"Lake","USGS_RStriegl"
9703,"Yukon Flats Lake 292A","2008-07-14",21.5,8.6,700,NA,2180,30.6,378,7953,109,22,1.687,39.34,14.62,61.51,35.73,13.48,1.73,0.045,0.155,"NA",-142.46,-15.22,-4.47,"Lake","USGS_RStriegl"
9704,"Yukon Flats Lake 255A","2008-07-14",20.5,9.54,200,NA,60,24.2,108,1843,21,6,0.259,17.62,2.06,14.87,4.81,1.49,2.43,0.045,0.155,"NA",-155.82,-18,-4.29,"Lake","USGS_RStriegl"
9705,"Yukon Flats Lake 295A","2008-07-14",20,9.58,522,NA,139,24.2,267,4513,95,11,0.747,24.28,6.62,50.85,27.69,9.42,40.54,0.045,0.155,"NA",-116.86,-10.5,-3.67,"Lake","USGS_RStriegl"
9706,"Yukon Flats Lake 231A","2008-07-14",19.4,8.64,73,NA,103,14.9,23,339,9,23,0.422,7.72,0.99,3.42,0.71,0.6,11.18,0.045,0.155,"NA",-135.62,-13.58,-11.07,"Lake","USGS_RStriegl"
9707,"Yukon Flats Lake 83A","2008-07-11",21.2,8.95,169,NA,374,77.5,85,1644,46,10,0.44,22.18,3.41,6.89,3.95,1.47,0.63,0.045,0.155,"NA",-118.78,-10.54,-1.29,"Lake","USGS_RStriegl"
9708,"Yukon Flats Lake 86A","2008-07-11",21.6,9.69,184,NA,46,25.9,87,1336,48,19,0.679,23.01,0.1,9.65,5.06,1.72,12.07,0.045,0.155,"NA",-127.86,-12,-9.68,"Lake","USGS_RStriegl"
9709,"Yukon Flats Lake 91A","2008-07-11",21.1,9.55,167,NA,61,39.7,79,1291,54,18,0.703,20.3,2.6,8.51,4.97,1.5,7.8,0.045,0.155,"NA",-156.04,-18.21,-5.99,"Lake","USGS_RStriegl"
9710,"Yukon Flats Lake 51A","2008-07-11",19.8,8.43,128,NA,437,21.8,60,1164,44,21,0.711,19.29,0.22,4.76,1.68,0.25,5.56,0.045,0.155,"NA",-158,-18.29,-7.72,"Lake","USGS_RStriegl"
9711,"Yukon Flats Lake 252A","2008-07-10",20.3,8.37,207,NA,776,43,107,2235,38,6,0.313,27.6,4.51,8.41,2.61,1.09,0.79,0.045,0.155,"NA",-109.27,-9.17,0.03,"Lake","USGS_RStriegl"
9712,"Yukon Flats Lake 281A","2008-07-14",20.5,8.53,204,NA,889,25.6,103,2132,39,14,0.497,26.63,2.57,9.85,2.46,0.94,5.01,0.045,0.155,"NA",-103.3,-7.37,-4.68,"Lake","USGS_RStriegl"
9713,"Scoter Lake","2008-07-14",20.5,8.26,319,NA,1594,51,174,3655,40,7,0.347,31.73,5.23,20.5,6.2,1.66,0.53,0.045,0.155,"NA",-139.92,-14.5,-1.55,"Lake","USGS_RStriegl"
9714,"Yukon Flats Lake 306A","2008-07-14",20.4,9.47,406,NA,251,31,237,4006,73,14,0.71,32.05,2.75,37.52,12.75,3.2,6.74,0.045,0.155,"NA",-104.12,-7.76,-2.46,"Lake","USGS_RStriegl"
9729,"Yukon Flats Lake 174A","2008-07-16",20.7,8.68,193,NA,428,19.3,77,1674,2,16,0.23,26.6,1.19,7.24,1.89,0.49,21.09,0.045,0.06,"NA",-124.6,-10.6,-6.2,"Lake","USGS_RStriegl"
9730,"Yukon Flats Lake 129A","2008-07-16",19.9,8.21,160,NA,982,15.5,57,1214,63,26,1.013,20.52,1.88,7.63,1.57,0.67,17.68,0.045,0.21,"NA",-121.94,-11.2,-9.44,"Lake","USGS_RStriegl"
9731,"Yukon Flats Lake 151A","2008-07-16",20.4,9.57,273,NA,117,70.9,145,2433,69,7,0.439,17.88,11.38,19.97,11.93,3.73,0.24,0.1,0.06,"NA",-111.44,-9.13,1.29,"Lake","USGS_RStriegl"
9732,"Yukon Flats Lake 193A","2008-07-17",20.2,9.74,197,NA,43,91.2,81,1407,45,14,0.551,18.25,1.38,7.1,15.06,1.95,11.1,0.09,0.06,"NA",-158.6,-17.7,-11.94,"Lake","USGS_RStriegl"
9733,"Yukon Flats Lake 69A","2008-07-16",20,8,79,NA,1664,31.2,35,678,78,25,1.119,7.9,6.42,2.73,2.77,0.27,0.24,0.045,0.06,"NA",-105.14,-8.4,-6.8,"Lake","USGS_RStriegl"
9734,"Yukon Flats Lake 97A","2008-07-16",19.9,10.27,237,NA,0,74.4,121,1492,86,9,0.598,14.33,3.45,19.62,10.03,0.94,0.57,0.21,0.06,"NA",-158.26,-18.51,-12.27,"Lake","USGS_RStriegl"
9735,"Yukon Flats Lake 180A","2008-07-17",20.1,9.62,204,NA,66,34.4,87,1523,64,10,0.526,25.73,1.17,10.35,5.97,4.79,12.89,0.14,0.06,"NA",-136.3,-13.72,-7.61,"Lake","USGS_RStriegl"
9736,"Yukon Flats Lake 43A","2008-07-16",20.2,9.51,170,NA,127,28.1,87,1552,61,12,0.567,19.65,3.21,9.46,4.29,0.59,1.61,0.15,0.14,"NA",-156.95,-18.63,-7.38,"Lake","USGS_RStriegl"
9737," Yukon Flats Lake 157A","2008-07-17",19.6,9.03,216,NA,475,101.2,111,2269,57,8,0.44,29.81,3.15,9.43,4.27,3.07,1.07,0.045,0.06,"NA",-122.97,-11.48,2.3,"Lake","USGS_RStriegl"
9738,"Yukon Flats Lake  149A","2008-07-17",20.2,9.1,209,NA,282,17.3,90,1714,59,16,0.695,32.77,0.1,7.46,3.66,1.99,18.91,0.045,0.06,"NA",-137.52,-14.16,-6.9,"Lake","USGS_RStriegl"
9739,"Yukon Flats Lake 187A","2008-07-17",19.7,9.57,435,NA,239,69.3,237,4156,74,10,0.585,13.08,8.74,18.03,67.86,5.55,0.53,0.24,0.06,"NA",-158.91,-18.7,0.29,"Lake","USGS_RStriegl"
9740,"Yukon Flats Lake 350A","2008-07-22",15.9,8.09,168,NA,1168,10,74,1613,31,24,0.71,21.81,3.15,7.66,1.79,1.39,9.1,0.045,0.3,"NA",-153.56,-18.85,-10.77,"Lake","USGS_RStriegl"
9741,"Yukon Flats Lake 349A","2008-07-22",17,8.59,200,NA,475,14.1,95,2014,24,13,0.418,23.55,2.78,10.37,4.11,1.74,7.61,0.045,0.06,"NA",-139.24,-14.53,-7.33,"Lake","USGS_RStriegl"
9742,"Yukon Flats Lake EX2","2008-07-22",15,8.46,120,NA,542,9.7,55,1044,93,28,1.4,18.92,0.85,5.34,1.33,0.48,4.59,0.045,0.06,"NA",-143.52,-15.41,-12.71,"Lake","USGS_RStriegl"
9743,"Yukon Flats Lake 365A","2008-07-22",15.7,8.67,489,NA,1962,24.8,NA,5484,103,15,1.075,52.99,14.78,31.59,11.51,5.39,4.4,0.045,0.06,"NA",-152.56,-17.43,-10.04,"Lake","USGS_RStriegl"
9744,"Yukon Flats Lake 332A","2008-07-22",16.6,8.33,190,NA,587,10,89,1941,20,13,0.372,27.54,1.97,7.51,1.6,1.08,7.44,0.045,0.06,"NA",-115.71,-10.18,-3.47,"Lake","USGS_RStriegl"
9745,"Yukon Flats Lake 353A","2008-07-22",15.8,7.91,132,NA,1117,24.8,49,1051,43,28,0.88,16.69,3.38,5.48,1.41,1.06,12.79,0.045,0.13,"NA",-117.81,-10.44,-7.36,"Lake","USGS_RStriegl"
9746,"Yukon Flats Lake 374A","2008-07-22",14.2,8.32,154,NA,1206,8.4,76,1505,77,27,1.174,22.94,0.42,7.47,1.45,0.37,8.05,0.12,0.17,"NA",-130.87,-12.87,-11.85,"Lake","USGS_RStriegl"
9747,"Yukon Flats Lake 360A","2008-07-22",17.1,8.43,184,NA,632,17.8,86,1834,23,14,0.428,25.36,2.31,7.55,2.35,1.38,6.96,0.045,0.06,"NA",-115.61,-9.7,-11.43,"Lake","USGS_RStriegl"
9748,"Yukon Flats Lake EX1","2008-07-22",15.9,7.85,143,NA,879,14.7,68,1405,70,22,0.912,20.89,1.77,6.54,1.71,0.75,3.69,0.11,0.13,"NA",-115.81,-10.03,-6.33,"Lake","USGS_RStriegl"
9749,"Yukon Flats Lake 276A","2008-07-22",15.8,7.71,120,NA,1326,14.4,65,1228,88,25,1.209,18.31,1.16,5.97,1.15,0.41,1.03,0.045,0.23,"NA",-118.18,-10.3,-10.36,"Lake","USGS_RStriegl"
9760,"Yukon Flats Lake 145C","2008-07-25",16.7,8.8,1164,NA,3122,7.1,NA,12900,114,21,1.864,19.82,8.47,36.73,231.04,21.14,0.75,0.59,0.18,"NA",-130.2,-12.3,-3.41,"Lake","USGS_RStriegl"
9761,"Yukon Flats Lake 110A","2008-07-25",16.4,9.44,343,NA,233,17.7,188,3452,76,14,0.714,20.77,2.57,13.8,45.16,3.14,1.23,0.11,0.06,"NA",-115.7,-10.3,-2.2,"Lake","USGS_RStriegl"
9762,"Yukon Flats Lake 112A","2008-07-25",17.8,9.75,193,NA,0,20.5,91,1196,51,12,0.523,20.54,0.76,11.42,7.41,3.9,7.01,0.11,0.06,"NA",-151.2,-16.3,-8.16,"Lake","USGS_RStriegl"
9763,"Yukon Flats Lake 134A","2008-07-25",17.6,9.34,734,NA,683,12.5,NA,7407,110,25,1.867,29.79,11.62,41.44,289.91,12.39,3.51,0.38,0.06,"NA",-143.7,-15.5,-3.28,"Lake","USGS_RStriegl"
9764,"Yukon Flats Lake 145A","2008-07-25",17.8,8.69,1392,NA,2957,8,1435,15337,4,30,4,23.76,23.06,46.69,649.33,23.58,7.72,1.07,0.06,"NA",-102.2,-6.5,-4.6,"Lake","USGS_RStriegl"
9765,"Yukon Flats Lake 145B","2008-07-25",17.2,8.93,1450,NA,3646,8.2,798,15480,3,29,3.82,22.65,18.31,32.4,347.11,20.75,10.58,1.41,0.06,"NA",-113,-9.1,-3.97,"Lake","USGS_RStriegl"
9947,"Thumb Lake","2008-09-04",12.7,9.24,140,NA,184,12.2,74,1361,90,15,0.858,22.97,2.06,7.05,1.6,0.91,0.8,0.36,0.06,"NA",-112.1,-9,-2.96,"Lake","USGS_RStriegl"
9948,"Teardrops Lake","2008-09-04",12.8,8.63,250,NA,1014,13.5,131,2903,121,4,0.094,32.16,3.12,13.5,3.82,1.59,5.32,0.28,0.06,"NA",-124.8,-11.3,-1.99,"Lake","USGS_RStriegl"
9949,"West Crazy Lake","2008-09-04",12.4,8.36,116,NA,632,6.1,42,916,19,19,0.459,15.48,2.27,5.12,1.14,1.19,12.9,0.27,0.47,"NA",-110.5,-8.3,-8.13,"Lake","USGS_RStriegl"
9950,"Twin Lakes","2008-09-04",12.4,8.8,154,NA,232,11.5,56,1138,35,20,0.635,23.01,1,6.99,1.1,0.94,20.08,0.29,0.06,"NA",-131.1,-12.6,-8.18,"Lake","USGS_RStriegl"
9951,"Twelvemile Lake","2008-09-03",12.2,8.77,687,10.5,849,16.3,329,6622,91,4,0.432,29.39,25.17,65.86,19,7.92,46.37,0.63,0.14,"NA",-136.6,-14.2,0.67,"Lake","USGS_RStriegl"
9952,"Shack Lake","2008-09-03",11.7,9.04,1552,NA,2638,6,918,17632,11,30,5.04,18.55,11.69,34.72,385.46,28.27,10.62,1.76,0.06,"NA",-152.8,-16.6,-4.32,"Lake","USGS_RStriegl"
9953,"Scoter Lake","2008-09-03",13.2,8.9,331,NA,82457,17.1,183,4136,44,5,0.295,24.16,7.37,29.32,10.08,3.72,2.18,0.41,0.14,"NA",-148.5,-15.2,-1.77,"Lake","USGS_RStriegl"
9954,"Canvasback Lake","2008-09-03",12.1,9.28,673,NA,15649,20.3,420,8275,71,18,0.811,24.97,3.15,60.8,71.48,6.25,6.26,0.5,0.06,"NA",-113,-9.6,-3.41,"Lake","USGS_RStriegl"
9955,"Greenpepper Lake","2008-09-03",12.7,9.14,885,NA,1320,18.7,474,9534,80,3,0.349,23.08,13.42,82.48,74.62,49.63,5.87,0.7,0.06,"NA",-110.1,-8.7,-1.37,"Lake","USGS_RStriegl"
9956,"Sands of Time Lake","2008-09-03",12.1,8.3,151,NA,5138,7.8,73,1606,37,13,0.482,23.17,1.88,6.45,1.48,1.07,4.79,0.28,0.18,"NA",-129.9,-12.8,-6.13,"Lake","USGS_RStriegl"
10037,"Boot Lake","2009-03-25",1.4,7.31,170,6,3938,2.4,NA,2467,36,17,0.566,24.12,1.98,7.17,1.38,1.22,2.44,0.045,0.32,"NA",-122.8,-10.7,-10.42,"Lake","USGS_RStriegl"
10230,"Yukon Flats Lake 125","2009-07-17",19.9,8.34,128,NA,568,4.2,44,976,30,18,0.57,16.92,1.6,4.61,1.8,1.64,13.95,0.045,0.095,"NA",-159.2,-18.2,-7.44,"Lake","USGS_RStriegl"
10231,"Yukon Flats Lake 606","2009-07-17",21.1,9.68,156,NA,117,7.9,70,1368,52,19,0.72,20.87,1.14,5.89,1.71,0.94,9.06,0.045,0.095,"NA",-121.7,-11,-8.4,"Lake","USGS_RStriegl"
10232,"Yukon Flats Lake 189","2009-07-17",19.2,9.24,402,NA,970,16,212,4631,7,2,0.112,24.91,4.56,21.08,18.15,7.41,5.61,0.045,0.095,"NA",-125,-11.1,-0.68,"Lake","USGS_RStriegl"
10233,"Yukon Flats Lake 227","2009-07-17",20.9,9.84,240,NA,247,62.2,130,2555,60,7,0.414,17.67,4.47,11.54,8.63,2.26,0.24,0.045,0.095,"NA",-150.4,-16.1,-0.25,"Lake","USGS_RStriegl"
10234,"Yukon Flats Lake 2 SPAT","2009-07-17",20.3,8.78,225,NA,912,11.8,99,2191,17,9,0.277,33.5,2.39,6.69,2.26,1.41,14.54,0.045,0.095,"NA",-154,-16.9,-5.24,"Lake","USGS_RStriegl"
10235,"Yukon Flats Lake 398","2009-07-16",22.2,10.2,131,NA,0,42.3,61,873,27,13,0.422,14.73,2.3,5.4,2.25,0.84,2.6,0.045,0.095,"NA",-102.6,-6,-11.06,"Lake","USGS_RStriegl"
10236,"Yukon Flats Lake 234","2009-07-16",19.8,7.85,89,NA,369,11.3,34,813,32,26,0.757,11.81,1.72,2.21,2.2,1.22,5.32,0.045,0.095,"NA",-122.7,-9.8,-9.55,"Lake","USGS_RStriegl"
10237,"Yukon Flats Lake 74","2009-07-16",18.5,8.76,192,NA,901,5.9,95,2080,54,10,0.478,23.32,4.47,9.7,3.54,1.32,3.31,0.045,0.095,"NA",-117.1,-10,-3.08,"Lake","USGS_RStriegl"
10238,"Yukon Flats Lake 445","2009-07-17",21,9.52,174,NA,104,13.7,92,1876,30,9,0.36,21.77,2.35,9.47,2.84,1.18,0.74,0.045,0.095,"NA",-101.6,-7.6,-3.04,"Lake","USGS_RStriegl"
10239,"Yukon Flats Lake 270","2009-07-16",18.7,8.2,51,NA,1409,4.5,20,434,37,29,0.849,5.97,2.41,2.04,0.69,0.94,2,0.045,0.095,"NA",-133.1,-12.4,-11.65,"Lake","USGS_RStriegl"
10240,"Yukon Flats Lake 182","2009-07-16",19.9,7.88,187,NA,703,21.6,81,1835,77,25,1.086,26.74,3.19,6.45,3.9,2.06,6.76,0.045,0.5,"NA",-128.9,-11.8,-8.96,"Lake","USGS_RStriegl"
10241,"Yukon Flats Lake 458","2009-07-16",19.8,9.41,273,NA,143,42.6,135,2514,100,11,0.811,23.14,11.87,23.29,11.16,2.08,6.27,0.12,0.095,"NA",-121.4,-10.8,-0.16,"Lake","USGS_RStriegl"
10355,"Yukon Flats Lake 187","2009-07-21",21.1,8.91,433,12.8,282,25.9,198,3654,96,10,0.701,29.41,9.05,55.21,15.55,14.16,7.3,0.14,0.095,"NA",NA,NA,-1.94,"Lake","USGS_RStriegl"
10356,"Yukon Flats Lake 427","2009-07-22",19.6,8.28,417,8.7,1424,59.1,194,4025,55,8,0.404,36.24,5.37,37.17,12.2,11.82,1.38,0.09,0.095,"NA",NA,NA,-0.35,"Lake","USGS_RStriegl"
10357,"Yukon Flats Lake 287","2009-07-22",20.1,8.79,881,9.4,1189,103.5,453,8997,97,7,0.585,24.41,16.36,135.3,92.03,20.75,0.24,0.14,0.095,"NA",-102.7,-6.8,1.13,"Lake","USGS_RStriegl"
10358,"Yukon Flats Lake 331","2009-07-22",19.7,7.9,534,6.7,3776,36.3,296,5832,42,18,0.62,35.45,7.87,51.56,30.41,6.7,3.78,0.15,0.095,"NA",NA,NA,-5.9,"Lake","USGS_RStriegl"
10359,"Yukon Flats Lake 395","2009-07-22",20.4,9.02,224,8.6,161,31.8,131,2197,14,9,0.272,20.63,2.16,16.83,5.37,1.37,0.87,0.045,0.095,"NA",NA,NA,-3.37,"Lake","USGS_RStriegl"
10360,"Yukon Flats Lake 507","2009-07-21",21.7,8.98,223,12.2,40,45.3,110,2023,50,7,0.382,21.51,3.23,15.46,5.1,2.38,0.89,0.045,0.095,"NA",-165.2,-18.4,-2.08,"Lake","USGS_RStriegl"
10361,"Yukon Flats Lake 456","2009-07-24",19.1,7.28,153,8.5,3715,10.1,54,1182,94,24,1.259,19.8,3.26,6.07,2.3,1.08,13.06,0.1,0.095,"NA",-157.4,-16.5,-9.15,"Lake","USGS_RStriegl"
10362,"Yukon Flats Lake 332","2009-07-24",20.1,8.44,374,9,75805,32.9,199,3947,92,13,0.8,31.43,9.44,39.93,7.78,2.92,3.29,0.09,0.095,"NA",NA,NA,-2.35,"Lake","USGS_RStriegl"
10363,"Yukon Flats Lake 159","2009-07-22",19.5,8.97,600,9.4,391,56.6,313,5486,107,5,0.626,23.84,19.72,93.7,40.38,18.06,2.26,0.045,0.095,"NA",-119.9,-9.8,4.6,"Lake","USGS_RStriegl"
10364,"Yukon Flats Lake 127","2009-07-24",20.6,9.42,189,10,0,17.2,108,1402,75,16,0.789,23.61,0.86,9.77,3.79,3.85,2.79,0.11,0.095,"NA",-117.7,-9,-8.2,"Lake","USGS_RStriegl"
10365,"Yukon Flats Lake 136","2009-07-24",20.4,7.23,124,6.8,3659,6.4,51,1154,86,27,1.258,15.4,2.63,5.08,2.31,1.16,3.83,0.1,0.095,"NA",-134.9,-13.2,-12.01,"Lake","USGS_RStriegl"
10366,"Yukon Flats Lake 599","2009-07-21",21.4,8.16,190,9.4,865,62.7,76,1563,28,19,0.561,23.48,2.19,7.56,1.88,1.64,11.86,0.27,0.095,"NA",-134.5,-12.3,-9.25,"Lake","USGS_RStriegl"
10367,"Yukon Flats Lake 251","2009-07-21",21.4,9.74,144,13.8,0,60.1,62,855,45,18,0.652,19.14,0.64,5.38,1.73,1.09,5.95,0.09,0.095,"NA",-111.4,-7.2,-11.41,"Lake","USGS_RStriegl"
10368,"Yukon Flats Lake 84","2009-07-24",20.6,9.62,216,12.3,427,73.3,98,1628,65,11,0.557,22.38,3.56,13.28,5.49,5.3,1.2,0.14,0.095,"NA",-128.8,-8.9,-4.87,"Lake","USGS_RStriegl"
10369,"Yukon Flats Lake 171","2009-07-22",19.6,8.7,370,10.3,594,61.7,168,3636,56,8,0.426,27.31,5.98,36.7,13.3,9.62,2.05,0.045,0.095,"NA",-99,-3.7,-0.69,"Lake","USGS_RStriegl"
10473,"Canvasback Lake","2009-09-01",12.1,9.48,768,NA,NA,NA,NA,NA,82,17,0.836,20.03,2.73,81.51,88.05,8.51,5.13,NA,1.31,"NA",-104.6,-6.7,NA,"Lake","USGS_RStriegl"
10474,"Boot Lake","2009-08-31",12.7,7.9,146,NA,NA,NA,73,NA,34,18,0.568,21.81,1.44,4.38,1.48,0.86,3.44,0.02,1.33,"NA",-109.2,-7.2,NA,"Lake","USGS_RStriegl"
10478,"Yukon Flats Lake 81","2009-09-02",12.2,NA,417,NA,0,34.7,82,1425,30,17,0.542,35.84,19.29,20.49,9.92,11.12,114.77,0.05,0.06,"NA",-114,-9.6,-12.28,"Lake","USGS_RStriegl"
10479,"Yukon Flats Lake 87","2009-09-02",10.3,NA,272,NA,2060,46,136,3140,69,7,0.429,26.25,7.97,14.76,8.74,4.64,0.42,0.02,0.06,"NA",-126.7,-10.5,-1.77,"Lake","USGS_RStriegl"
10480,"Yukon Flats Lake 47","2009-09-02",9.2,NA,623,NA,708,51.7,127,2651,41,15,0.55,67.5,22.13,28.95,7.94,4.78,233.05,0.11,0.06,"NA",-131.9,-14.9,-13.39,"Lake","USGS_RStriegl"
10481,"Yukon Flats Lake 55","2009-09-02",10.2,NA,357,NA,2228,72.6,188,4007,102,9,0.787,21.45,14.43,20.4,20.16,7.39,0.24,0.19,0.23,"NA",-129.2,-11.9,-5.22,"Lake","USGS_RStriegl"
10482,"Yukon Flats Lake 29","2009-09-02",12.8,NA,370,NA,790,100.2,176,3720,101,11,0.856,31.83,12.61,17.49,12.84,4.37,0.93,0.1,0.06,"NA",-115.1,-8.7,2.61,"Lake","USGS_RStriegl"
10483,"Yukon Flats Lake 33","2009-09-02",10.5,NA,467,NA,713,83.8,202,4368,104,10,0.883,24.35,13.17,27.06,31.65,31.7,2.59,0.19,0.06,"NA",-123,-10.9,-2.95,"Lake","USGS_RStriegl"
10484,"Yukon Flats Lake 17","2009-09-02",14.8,NA,825,NA,15821,195.1,243,7905,122,10,1.349,56.2,22.92,39.34,48.53,41.66,49.03,0.88,0.06,"NA",-113.3,-7.2,-0.86,"Lake","USGS_RStriegl"
10485,"Yukon Flats Lake 41","2009-09-02",13,NA,562,NA,8783,53.3,277,6195,117,27,2.461,14.8,19.79,26.65,65.22,11.78,16.01,0.63,0.48,"NA",-109.1,-7.1,-8.81,"Lake","USGS_RStriegl"
10486,"Yukon Flats Lake 1SPAT","2009-09-02",11.2,NA,340,NA,1700,40,184,4139,48,10,0.448,50.6,2.9,11.09,9.06,3.69,0.24,0.02,0.06,"NA",-111.2,-7.5,-1,"Lake","USGS_RStriegl"
10487,"Yukon Flats Lake 73","2009-09-02",13.1,NA,533,NA,4191,288.1,285,6539,89,14,0.812,46.78,10.75,26.18,17.43,5.64,4.33,0.25,0.06,"NA",-109.7,-7.3,-4.47,"Lake","USGS_RStriegl"
10488,"Yukon Flats Lake 8","2009-09-02",12.5,NA,196,NA,25,55.2,93,1765,54,11,0.499,19.87,7.53,9.98,4.03,1.83,8.74,0.11,0.06,"NA",-136.7,-13.5,-10.7,"Lake","USGS_RStriegl"
10489,"Yukon Flats Lake 68","2009-09-01",12.5,NA,3995,NA,0,3.8,445,6424,118,11,1.304,9,206.21,97.69,442.73,130.4,2377.74,0.02,0.06,"NA",-110.4,-7.8,-8.85,"Lake","USGS_RStriegl"
10490,"Yukon Flats Lake 44","2009-09-01",13.1,NA,413,NA,0,1054.6,159,2624,92,19,1.05,22.52,23.45,15.84,19.65,10.5,38.46,0.14,0.06,"NA",-136.6,-14,-13.65,"Lake","USGS_RStriegl"
10491,"Yukon Flats Lake 112SPAT","2009-09-01",13.7,NA,166,NA,31705,27.8,72,1481,8,4,0.148,16.49,4.42,8.55,3.13,NA,17.81,0.02,0.06,"NA",-118.8,-8.3,-5.92,"Lake","USGS_RStriegl"
10492,"Yukon Flats Lake 4SPAT","2009-09-01",12.1,NA,985,NA,0,20.1,413,5524,13,12,2.866,22.27,30.64,29.08,128.92,37.58,94.22,0.59,0.06,"NA",-105.5,-6.6,-13.4,"Lake","USGS_RStriegl"
10493,"Yukon Flats Lake 4","2009-09-01",12.9,NA,745,NA,46,43.6,134,2520,79,8,0.513,17.85,4.42,15.07,8.04,1.6,4.51,0.12,0.06,"NA",-107.3,-7.3,-8.64,"Lake","USGS_RStriegl"
10494,"Yukon Flats Lake 63alt","2009-09-01",11.1,NA,528,NA,6403,186.1,289,6876,113,15,1.36,49.56,11.59,23.64,6.06,4.24,1.52,0.06,0.06,"NA",-160.1,-17.1,-9.06,"Lake","USGS_RStriegl"
10495,"Yukon Flats Lake 148","2009-09-01",12.2,NA,1847,NA,1196,18.7,719,14052,10,10,2.308,21.8,85.19,56.84,160.88,100.19,235.82,0.02,0.06,"NA",-100.3,-5.8,-1.12,"Lake","USGS_RStriegl"
10685,"Yukon Flats Lake 14","2009-09-19",8.4,7.62,256,NA,1529,163.1,108,2382,58,17,0.694,34.66,0.84,10.13,2.88,1.14,20.52,0.01,0.06,"NA",-101.3,-7,-10.69,"Lake","USGS_RStriegl"
10686,"Yukon Flats Lake Mud2","2009-09-19",10.5,9.29,2722,NA,2154,26.1,1341,23512,16,15,3.568,13.05,66.72,208.48,429.71,132.02,98.1,NA,3.24,"NA",-146.2,-14.9,-3.36,"Lake","USGS_RStriegl"
10687,"Yukon Flats Lake 116alt","2009-09-16",11,NA,688,NA,3727,46.1,441,7886,1,1,1.154,25.56,9.44,26.59,94.35,21.45,3.25,2.74,1.42,"NA",-108.8,-8.7,-5.31,"Lake","USGS_RStriegl"
10688,"Yukon Flats Lake 164","2009-09-16",11,NA,222,NA,1348,16.9,163,2524,32,6,0.307,23.56,3.56,13.36,4.66,3.92,2.08,0.02,0.06,"NA",-140.4,-13.3,-3.95,"Lake","USGS_RStriegl"
10689,"Yukon Flats Lake 356","2009-09-16",11.4,NA,160,NA,1522,21,76,1754,12,16,0.342,21.5,1.05,5.47,1.86,0.69,7.1,0.01,1.33,"NA",-119,-8.7,-5.36,"Lake","USGS_RStriegl"
10690,"Yukon Flats Lake 292","2009-09-16",10.2,NA,290,NA,1123,75.4,167,2870,67,6,0.417,27.71,7.78,16.75,8.14,11.21,2.61,0.27,0.06,"NA",-129.1,-12.2,1.19,"Lake","USGS_RStriegl"
10691,"Yukon Flats Lake 31","2009-09-16",11,NA,257,NA,1745,27.6,167,2807,90,9,0.632,23.58,4.63,16.48,13.05,4.13,2.14,0.01,0.06,"NA",-131,-12.1,-5.98,"Lake","USGS_RStriegl"
10692,"Yukon Flats Lake 399","2009-09-16",11.3,NA,181,NA,3025,8.3,140,2105,25,15,0.464,23.52,2.77,9.04,3.4,2.84,3.14,0.03,1.39,"NA",-115.3,-8.4,-5.95,"Lake","USGS_RStriegl"
10693,"Yukon Flats Lake 22","2009-09-19",8.6,9.22,660,NA,839,151.5,340,6725,119,13,1.553,43.06,41.51,50.1,21.01,10.28,13.21,0.01,0.06,"NA",-109.9,-8.1,-6.74,"Lake","USGS_RStriegl"
10694,"Yukon Flats Lake 14SPAT","2009-09-19",10.4,7.07,93,NA,2495,95.4,48,1137,22,20,0.546,14.39,1.1,3.23,0.88,0.69,0.52,0.01,0.06,"NA",-137.5,-13.4,-4.82,"Lake","USGS_RStriegl"
10695,"Yukon Flats Lake 41alt","2009-09-19",10.4,9.42,3397,NA,1801,NA,1503,27358,15,17,3.795,11.92,41.62,248.51,480.91,99.46,12.53,NA,1.75,"NA",NA,NA,-0.68,"Lake","USGS_RStriegl"
10696,"Yukon Flats Lake 10","2009-09-19",9.3,8.54,247,NA,716,NA,84,1782,66,17,0.734,33.42,0.26,7.82,3.85,0.88,36.86,0.01,0.06,"NA",NA,NA,-9.79,"Lake","USGS_RStriegl"
10697,"Yukon Flats Lake 61","2009-09-19",10.4,8.62,618,NA,2569,860.3,348,7690,105,17,1.247,35.04,5.11,59.72,17.22,4.4,0.65,1.29,0.06,"NA",NA,NA,7.57,"Lake","USGS_RStriegl"
10698,"Yukon Flats Lake 110","2009-09-19",9,9.15,390,NA,587,45.3,204,4117,106,13,1.039,32.62,10.78,17.42,22.59,4.79,0.92,0.01,0.06,"NA",NA,NA,4.73,"Lake","USGS_RStriegl"
10699,"Yukon Flats Lake 50","2009-09-19",10.8,8.34,198,NA,1279,45.5,102,2187,68,5,0.382,20.78,2.81,10.16,5.45,1.08,0.67,0.01,0.06,"NA",NA,NA,-0.29,"Lake","USGS_RStriegl"
10700,"Yukon Flats Lake 26","2009-09-19",10.2,6.86,55,NA,6504,142.7,25,844,21,19,0.504,7.7,1.57,2.11,1.89,1,1.4,0.01,0.06,"NA",NA,NA,-11.61,"Lake","USGS_RStriegl"
11042,"0_19_3","2010-06-13",17,9.31,178,NA,66,108,NA,1864,39.4,1.7,0.671,19.65,5.2,11.9,6,3.85,2.26,NA,0.005,"NA",-104.48,-8.1,-3.64,"Lake","USGS_RStriegl"
11043,"0_8_1","2010-06-09",18.7,8.5,709,NA,3293,49.8,366.6,8353,53.2,2.7,1.424,25.63,3.8,14.9,53.9,8.53,1.96,NA,1.23,"NA",-121.03,-10.9,0.24,"Lake","USGS_RStriegl"
11044,"0_19_1","2010-06-09",19.2,8.46,263,NA,834,67.1,128.9,3000,33,1.7,0.562,34.2,3.8,12.4,6.1,5,1.75,NA,0.005,"NA",-121.12,-10.91,1.65,"Lake","USGS_RStriegl"
11045,"1_5_1","2010-06-11",18.1,8.74,259,NA,945,14.4,123.4,2851,34.1,2,0.695,24.87,3.5,9,16.6,1.32,0.1,NA,0.005,"NA",-126.62,-12.62,0.36,"Lake","USGS_RStriegl"
11046,"0_19_2","2010-06-11",18,9.42,157,NA,64,44,75.7,1495,23.9,1.8,NA,20.47,4,7,2.9,1.38,6.26,NA,0.1,"NA",-113.58,-9.64,-5.92,"Lake","USGS_RStriegl"
11047,"1_19_2","2010-06-11",21.3,8.86,1154,NA,1218,56.6,708.8,12859,62,1.2,0.774,14.91,42.6,118.5,91.1,39.02,0.11,NA,0.005,"NA",-109.56,-8.23,3.61,"Lake","USGS_RStriegl"
11048,"0_8_2","2010-06-11",17.9,8.33,458,NA,2051,140.2,230.4,5086,48.5,1.6,0.767,32.79,4.5,16.4,44.8,8.66,0.015,NA,0.005,"NA",-112.14,-8.56,1.74,"Lake","USGS_RStriegl"
11049,"1_19_1","2010-06-12",19.5,8.86,1735,NA,2498,18.1,834.6,16165,70.7,1.2,0.847,24.02,40.9,102.4,93.4,49.28,0.015,NA,0.38,"NA",-106.42,-8.72,4.41,"Lake","USGS_RStriegl"
11078,"0_19_4","2010-06-14",15.5,8.43,230,NA,61914,19.2,125.5,2957,24.8,1.4,0.35,23.27,5,13.3,7.1,3.51,1.23,NA,0.005,"NA",-116.52,-9.81,2.37,"Lake","USGS_RStriegl"
11079,"0_10_1","2010-06-14",20.5,9.92,203,NA,0,76,106.3,1439,17.6,2.1,0.372,13.7,5.3,11.4,11.9,1.18,0.16,NA,0.2,"NA",-105.1,-6.86,-9.25,"Lake","USGS_RStriegl"
11080,"0_19_5","2010-06-17",17.3,9.51,142,NA,0,37.7,79,1199,37.1,2.2,0.808,22.5,1.3,6.8,3.2,0.84,0.7,NA,0.005,"NA",-127.19,-11.66,-10.69,"Lake","USGS_RStriegl"
11081,"1_6_1","2010-06-17",17.8,8.32,233,NA,1393,25.7,138.6,3278,27.7,1.5,0.415,32.01,6.1,13,5.5,1.99,0.015,NA,0.005,"NA",-120.33,-10.63,0.46,"Lake","USGS_RStriegl"
11082,"0_10_2","2010-06-17",17.4,10.12,182,NA,0,90.3,99.1,1553,16,2.1,0.343,13.09,4.8,11.9,10.3,1.17,0.14,NA,0.005,"NA",-109.02,-7.71,-8.87,"Lake","USGS_RStriegl"
11083,"0_24_2","2010-06-18",19,9.15,264,NA,78,38.5,147.3,2673,28.7,1.9,0.536,28.16,3.5,17.1,8.6,1.85,0.09,NA,3.5,"NA",-115.6,-9.44,7.39,"Lake","USGS_RStriegl"
11084,"0_24_1","2010-06-19",17.9,9.04,240,NA,171,21.1,119.1,2441,27.6,2.2,0.597,28.67,1.3,11.5,7.9,2.53,0.12,NA,0.31,"NA",-132.13,-13.08,-4.72,"Lake","USGS_RStriegl"
11104,"1_28_1","2010-06-25",19.1,9.05,249,NA,262,35.7,147.9,3083,23.8,1.2,0.295,24.78,3.8,16.8,7,2.98,1.6,NA,0.005,"NA",-110.83,-9.52,0.46,"Lake","USGS_RStriegl"
11105,"1_28_2","2010-06-25",19.5,9.3,234,NA,330,113.2,138.2,601,27.6,1.3,0.368,21.29,5,21.4,7.5,2.83,0.36,NA,0.005,"NA",-109.78,-8.35,3.37,"Lake","USGS_RStriegl"
11106,"1_32_6","2010-06-26",19.5,8.71,382,NA,948,47.5,196,4448,22.4,1.7,0.385,31.74,5.3,28,8.3,2.33,0.6,NA,0.005,"NA",-123.16,-11.06,-0.18,"Lake","USGS_RStriegl"
11107,"1_32_1","2010-06-27",19.6,7.87,116,NA,706,17.9,5,1146,15.9,2.7,0.426,15.09,2.2,4.4,1.3,0.87,7.46,NA,0.005,"NA",-155.62,-17.47,-6.03,"Lake","USGS_RStriegl"
11108,"1_32_2","2010-06-27",19.5,9.62,461,NA,113,67.1,231.7,4424,48.3,2.9,1.413,19.78,10.1,34.6,39.9,12.23,10.36,1.735,0.005,"NA",-102.37,-6.2,-5.23,"Lake","USGS_RStriegl"
11155,"1_31_2","2010-06-25",18.5,9.13,111,NA,59,21.1,45.9,879,11.6,2.4,0.281,15.5,1.1,4.7,1.5,0.36,15.35,NA,0.1,"NA",-135.41,-13.99,-9.96,"Lake","USGS_RStriegl"
11156,"1_34_1","2010-06-29",20.5,9.2,NA,NA,188,45.7,121,2321,22.4,1.8,0.396,23.56,8.4,17.1,4.5,2.7,14.7,NA,0.005,"NA",-112.62,-9.14,-1.22,"Lake","USGS_RStriegl"
11157,"1_26_1","2010-07-01",20,8.97,71,NA,101,24.6,28,577,14.1,2.7,0.384,10.47,1.5,4.9,1.1,0.74,17.56,NA,0.005,"NA",-145.73,-16.29,-10.35,"Lake","USGS_RStriegl"
11158,"1_31_3","2010-06-29",19.8,9.91,106,NA,43,58.1,31.8,604,10.3,2.8,0.289,10.8,0.6,3.4,0.8,0.19,10.61,NA,0.1,"NA",-122.32,-10.9,-14.47,"Lake","USGS_RStriegl"
11159,"1_31_1","2010-06-23",18.2,8.22,203,NA,399,23.6,87.8,2180,10.2,2.4,0.247,29.85,1.5,7.3,2,0.64,18.13,NA,0.005,"NA",-152.67,-17.95,-6.29,"Lake","USGS_RStriegl"
11160,"1_31_4","2010-06-30",19.2,7.73,252,NA,1639,64.4,72.8,1735,21,3.1,0.659,21.93,4.8,6.2,1.6,0.76,9.37,0.041,0.11,"NA",-138.5,-14.13,-6.41,"Lake","USGS_RStriegl"
11161,"1_32_5","2010-06-29",20.5,9.63,93,NA,4135,39.7,21.1,2442,12.7,2.3,0.289,10.22,2.1,3.4,0.9,0.52,21.54,NA,0.005,"NA",-132.04,-12.57,-15.17,"Lake","USGS_RStriegl"
11162,"1_32_3","2010-07-01",19.7,8.11,144,NA,268,33,60.5,1322,18.1,2.7,0.483,18.29,1.4,6.3,1.9,0.62,9.1,NA,0.005,"NA",-149.67,-16.57,-6.13,"Lake","USGS_RStriegl"
11308,"1_37_1","2010-07-26",18.4,8.29,87,NA,378,12.1,34.2,959,17.6,2.7,0.47,12.9,1.9,3.9,1.3,0.67,14.09,NA,0.005,"NA",-139.38,-15.29,-9.51,"Lake","USGS_RStriegl"
11309,"1_36_1","2010-07-26",17.3,8.36,349,NA,1176,16.1,127.4,3647,30.5,1.7,0.506,32.31,4,11.1,3.1,1.4,0.9,NA,0.005,"NA",-119.25,-10.82,-3.95,"Lake","USGS_RStriegl"
11310,"1_37_4","2010-07-28",18.5,9.38,397,NA,63,22.5,214.5,5032,29.9,2.3,0.675,25.21,3.2,42.6,15.6,4.78,14.88,NA,0.005,"NA",-114.39,-9.67,-6.74,"Lake","USGS_RStriegl"
11311,"1_27_2","2010-07-30",16,9.71,445,NA,56,19.4,269.3,6253,63.3,2.7,1.688,24.51,8.8,31.6,35.6,13.58,6.21,NA,0.12,"NA",-92.04,-5.29,-6.74,"Lake","USGS_RStriegl"
11312,"1_36_3","2010-07-30",17.2,8.12,485,NA,1804,28.6,196.3,6162,16.6,1.6,0.263,43.23,3.9,20.7,6.9,4.62,0.015,NA,0.1,"NA",-123.23,-11.06,-0.28,"Lake","USGS_RStriegl"
11313,"1_29_4","2010-07-30",16.5,9.25,73,NA,59,20.9,28.4,667,19.7,3,0.584,7.25,2.2,3.8,1,0.17,4.24,0.03,0.005,"NA",-110.82,-8.58,-14.95,"Lake","USGS_RStriegl"
11314,"1_37_2","2010-07-31",18.1,9.57,583,NA,38,42.5,284.7,5879,62.2,2.1,1.305,24.52,6,41.9,30.4,14.98,52.43,NA,0.005,"NA",-102.78,-7.38,-11.12,"Lake","USGS_RStriegl"
11315,"1_27_2b","2010-08-05",17.2,9.04,619,NA,312,54.8,251.17,8092,61.2,2.9,1.792,25.39,8.96,38.17,34.17,12.27,1.28,NA,0.005,"NA",-86.27,-4.08,-4.81,"Lake","USGS_RStriegl"
11316,"1_29_2","2010-08-01",18,8.67,38,NA,1649,51.1,243.37,7137,57.6,2.1,1.186,42.34,4.72,41.32,14.04,6.61,11.36,NA,0.005,"NA",-117.86,-9.9,-3.83,"Lake","USGS_RStriegl"
11317,"1_37_5","2010-08-02",18,9.98,523,NA,48,19.2,275.97,5884,51.5,2.2,1.116,29.84,6.34,46.47,26.78,13.2,41.11,NA,0.1,"NA",-105.13,-7.8,-7.12,"Lake","USGS_RStriegl"
11318,"1_36_2","2010-08-03",21.8,8.28,392,NA,908,53.7,174.09,4894,40.2,1.5,0.585,41.06,6.55,19.24,4.95,2.43,0.015,NA,0.11,"NA",-115.1,-9.62,-0.16,"Lake","USGS_RStriegl"
11319,"1_27_3","2010-08-04",20.8,9.56,495,NA,192,47.3,327.02,8112,52.2,2.3,1.186,27.72,7.95,50.11,26.11,9.28,1.1,NA,0.005,"NA",-104.36,-7,-3.75,"Lake","USGS_RStriegl"
11320,"1_36_4","2010-08-04",19.6,8.75,460,NA,1284,25,189.46,5590,39.4,1.6,0.615,43.54,5.51,19.54,5.71,3.1,0.015,NA,0.005,"NA",-118.21,-9.92,-0.16,"Lake","USGS_RStriegl"
11321,"1_37_3","2010-08-04",21,9.45,460,NA,11,26.5,254.27,5752,45.7,1.6,0.73,0.74,4.74,0.48,33.46,11.24,2.8,0.01,0.005,"NA",-100.88,-7.06,-5.78,"Lake","USGS_RStriegl"
11322,"1_27_1","2010-08-06",20,9.01,611,NA,446,82.5,418.11,10139,56.8,2.5,1.398,1.18,12.02,0.75,33.2,12.57,1.12,0.01,0.005,"NA",-102.68,-7.43,-3.22,"Lake","USGS_RStriegl"
11323,"1_29_1","2010-08-06",19.3,9.13,291,NA,370,148.7,147.27,4213,42.4,1.3,0.567,1.25,8.55,0.8,14.16,4.79,0.43,0.01,0.005,"NA",-95.03,-5.26,-1.29,"Lake","USGS_RStriegl"
11324,"1_27_3b","2010-08-06",18,8.08,514,NA,2390,160.2,313.71,9146,40.9,2.3,0.923,3.43,8.08,2.44,16.85,6.74,1.07,0.01,0.11,"NA",-115.86,-9.52,-3.5,"Lake","USGS_RStriegl"
11325,"1_29_3","2010-08-06",16.6,8.75,331,NA,899,164.2,161.77,4816,60.1,1.5,0.92,3.99,8.96,3.92,17.04,5.73,0.72,0.01,0.005,"NA",-89.71,-4.13,-4.47,"Lake","USGS_RStriegl"
11328,"1_25_1","2010-08-09",17.8,9.01,188,NA,130,17.1,91.97,2719,16,1.7,0.266,4.19,3.45,4.23,4.91,0.4,5.29,0.01,0.005,"NA",-113.9,-9.83,-8.03,"Lake","USGS_RStriegl"
11329,"0_32_1","2010-08-10",18.1,8.07,266,NA,1448,99.4,147.41,4475,12.9,1.4,0.179,4.4,4.95,3.22,7.14,1.76,0.015,0.01,0.005,"NA",-120.75,-10.95,0.86,"Lake","USGS_RStriegl"
11330,"1_38_1","2010-08-10",16.1,8.92,300,NA,468,70.4,167.83,4594,62.4,1.4,0.901,4.67,16.39,4.38,12.35,5.73,0.96,0.01,0.005,"NA",-101.7,-7.33,0.57,"Lake","USGS_RStriegl"
11331,"1_38_2","2010-08-12",16.9,8.89,293,NA,439,33,165,4695,24.4,1.2,0.298,4.79,15.73,4.42,14.94,9.64,0.015,0.01,0.005,"NA",-102.76,-7.55,0.79,"Lake","USGS_RStriegl"
11332,"1_25_2","2010-08-12",17.4,7.83,357,NA,2581,57.3,146.97,4577,44.7,1.4,0.629,4.92,4.84,2.61,3.69,1.43,0.015,0.01,0.005,"NA",-116.69,-9.55,-1.8,"Lake","USGS_RStriegl"
11333,"0_31_2","2010-08-13",15.7,8.08,151,NA,1284,22.5,72.46,2419,22.9,2.4,0.548,4.99,4.97,3.97,2.62,0.31,3.24,0.01,0.13,"NA",-126.67,-12.31,-3.56,"Lake","USGS_RStriegl"
11334,"0_31_1","2010-08-14",16.1,8.82,145,NA,29,54.1,76.62,1940,22.4,1.8,0.392,5.01,3.89,0.95,4.79,0.37,0.27,0.01,0.005,"NA",-112.86,-9.68,-9.13,"Lake","USGS_RStriegl"
11908,"1_13_3","2010-08-19",14,7.38,54,NA,4246,17.6,32,1257,28.8,3,0.867,5.31,2.29,0.93,1.39,0.68,4.4,0.01,0.23,"NA",-143.3,-15.57,-12.19,"Lake","USGS_RStriegl"
11909,"0_33_1","2010-08-20",15.7,10.09,254,NA,0,8.9,111,2025,69.2,1.3,0.901,5.31,9.64,4.32,13.05,4.13,1.15,0.01,0.11,"NA",-89.62,-5.95,-9.75,"Lake","USGS_RStriegl"
11910,"0_30_2","2010-08-20",15,6.77,63,NA,756,30.7,27.45,543,32.7,1.9,0.606,5.43,2.91,2.97,1.86,1.11,0.73,0.01,0.005,"NA",-117.73,-10.11,-2.97,"Lake","USGS_RStriegl"
11911,"0_30_1","2010-08-21",15.9,7.5,137,NA,3697,5.4,57.33,1844,28.4,2.2,0.623,5.5,2.8,4.22,1.7,0.81,4.2,0.01,0.005,"NA",-137.47,-14.49,-3.65,"Lake","USGS_RStriegl"
12023,"1_33_1","2010-06-22",21.8,9.51,492,NA,15,63.9,75.12,981,NA,NA,NA,NA,NA,NA,NA,NA,NA,NA,NA,"NA",NA,NA,-11.96,"Lake","USGS_RStriegl"
12024,"0_32_2","2010-08-13",19.3,9.02,231,NA,43,28.7,130.29,2344,NA,NA,NA,14.29,6.01,21.89,8.74,2.08,0.015,0.01,0.13,"NA",NA,NA,-4.05,"Lake","USGS_RStriegl"
12025,"0_32_3","2010-08-11",16.6,7.53,282,NA,2349,126.3,155.91,3713,NA,NA,NA,33.53,3.98,18.73,5.87,1.19,0.015,0.01,0.15,"NA",NA,NA,-1.75,"Lake","USGS_RStriegl"
12237,"1_99_2","2011-06-09",13.5,7.73,NA,NA,1887,76.09,204.22,2643.3,38.6,1.4,0.542,34.39,18.24,21.2,15.42,6.5,2.98,0.003,0.005,"NA",NA,NA,3.06,"Lake","USGS_RStriegl"
12238,"1_58_3","2011-06-09",16.5,8.09,196,NA,461,88.37,101.02,1314.6,NA,NA,NA,19.57,6.58,10.3,4.54,2.41,0.49,0.003,0.47,"NA",NA,NA,0.37,"Lake","USGS_RStriegl"
12239,"1_99_1","2011-06-10",10.4,7.75,NA,NA,3127,35.36,193.38,2626.4,44,2.4,1.071,115.69,48.45,32,21.03,9.97,196.95,0.005,0.005,"NA",NA,NA,-7.52,"Lake","USGS_RStriegl"
12240,"1_58_2","2011-06-10",14.9,7.43,421,NA,2626,70.39,162.19,2307.2,26.8,1.8,0.495,45.21,13.98,19.2,7.15,6.24,52.54,0.11,0.005,"NA",NA,NA,-1.87,"Lake","USGS_RStriegl"
12241,"0_2_1","2011-06-10",17,8.57,159,NA,286,128.49,91.77,1007.5,30.1,2.2,0.657,30.99,2.75,5.4,2.67,1.13,3.97,0.051,0.005,"NA",NA,NA,-2,"Lake","USGS_RStriegl"
12242,"0_2_2","2011-06-11",17.8,7.12,233,NA,3539,80.75,106.88,1310.5,42,2.9,1.232,39.83,4.31,10.4,4.65,3.14,23.41,0.088,0.005,"NA",NA,NA,-5.56,"Lake","USGS_RStriegl"
12243,"0_9_1","2011-06-12",18.2,9.01,358,NA,950,212.49,197.01,2488.1,29.9,2.3,0.676,30.37,15.96,23.7,12.2,2.8,11.07,0.151,NA,"NA",NA,NA,0.4,"Lake","USGS_RStriegl"
12244,"1_58_1","2011-06-12",16.8,7.07,356,NA,2017,25.14,177.76,2387.5,20.7,1.8,0.369,33.35,4.93,21.2,6.71,4.59,3.63,0.003,0.005,"NA",NA,NA,-3.07,"Lake","USGS_RStriegl"
12245,"0_9_2","2011-06-13",16.7,6.93,100,NA,2296,49.7,53.95,726.1,19.4,3.3,0.636,18.49,4.42,5.4,3.29,0.41,7.13,0.045,0.16,"NA",NA,NA,-9.27,"Lake","USGS_RStriegl"
12259,"1_57_1","2011-06-15",16.1,8.35,1809,NA,774,72.09,73.97,1068.2,25.7,2.4,0.617,23.28,6.86,7.1,3.53,3.62,21.94,0.01,0.005,"NA",NA,NA,-7.45,"Lake","USGS_RStriegl"
12260,"0_89_2","2011-06-16",16.5,8.12,362,NA,1361,44.1,189.33,2387.2,34.9,1.9,0.647,28.17,8.89,13.2,38.12,5.35,10.91,0.038,0.39,"NA",NA,NA,0.71,"Lake","USGS_RStriegl"
12261,"1_57_2","2011-06-17",15.6,7.26,304,NA,722,125.83,37.87,527.8,24.6,2.1,0.514,33.98,17.96,11.3,4.07,2.04,116.29,0.01,0.005,"NA",NA,NA,-10.01,"Lake","USGS_RStriegl"
12262,"0_87_1","2011-06-17",18.7,7.97,308,NA,1476,26.18,149.74,1991.8,29.5,1.9,0.57,40.66,5.57,13.7,8.69,6.82,16.86,0.121,0.26,"NA",NA,NA,-0.99,"Lake","USGS_RStriegl"
12263,"0_87_3","2011-06-18",18.6,8.1,363,NA,1482,54.27,187.08,2624.8,32.6,2.1,0.672,37.16,5.11,11.8,28.9,7.07,2.82,0.031,0.005,"NA",NA,NA,-0.32,"Lake","USGS_RStriegl"
12264,"1_69_1","2011-06-18",18.1,6.71,143,NA,4892,94.72,52.74,848.9,20.2,3.6,0.73,20.96,2.26,4.9,2.03,1.55,22.06,0.022,0.005,"NA",NA,NA,-11.67,"Lake","USGS_RStriegl"
12305,"1_90_1","2011-06-22",19.7,7.9,105,NA,1044,21.29,61.14,856.6,25.2,1.6,0.408,16.27,2.39,5.6,1.52,2.71,0.015,0,0.14,"NA",NA,NA,-6.02,"Lake","USGS_RStriegl"
12306,"1_98_3","2011-06-24",16.8,6.95,112,NA,2291,57.63,61.87,929.7,35,2.8,0.997,20.95,5.53,6.3,4.32,1.26,0.7,0.116,0.005,"NA",NA,NA,-3.7,"Lake","USGS_RStriegl"
12307,"1_90_3","2011-06-24",16.6,7.57,113,NA,4542,117.04,72.5,1210.8,29.9,2.8,0.849,20.99,1.81,5.7,1.61,1.13,0.015,0,0.1,"NA",NA,NA,-3.76,"Lake","USGS_RStriegl"
12308,"0_18_2","2011-06-24",18.1,8.65,NA,NA,372,94.56,133.55,1640.9,25.8,1.9,0.484,22.35,0.85,10.2,21,1.6,7.25,0,0.23,"NA",NA,NA,0.51,"Lake","USGS_RStriegl"
12309,"1_98_2","2011-06-25",17.8,6.89,97,NA,4492,5.6,48.01,775.2,35.4,3.4,1.202,16.83,3,5,3.53,1.63,2.27,0,0.005,"NA",NA,NA,-12.77,"Lake","USGS_RStriegl"
12310,"0_18_1","2011-06-26",19.1,8.99,NA,NA,484,76.37,306.93,3616.6,87.6,1.9,1.645,17.49,10.22,19.8,102.98,10.89,2.86,0.444,0.2,"NA",NA,NA,0.65,"Lake","USGS_RStriegl"
12311,"1_90_2","2011-06-27",19.5,7.45,118,NA,4090,25.68,64.21,982.3,36.6,2.7,0.977,19.42,1.94,5.6,1.17,0.56,1.35,NA,0.52,"NA",NA,NA,-8.07,"Lake","USGS_RStriegl"
12312,"0_18_3","2011-06-28",20.5,8.86,NA,NA,148,28.63,105.11,1198,26.5,2,0.525,28.38,0.45,9.5,5.73,2.14,10.08,0,0.14,"NA",NA,NA,-4.02,"Lake","USGS_RStriegl"
12313,"0_18_6","2011-06-28",20.7,10.24,NA,NA,0,151.52,121.2,749.8,60.9,1.5,0.891,18.26,6.89,16.4,13.01,3,5.8,0.049,0.005,"NA",NA,NA,-11.47,"Lake","USGS_RStriegl"
12314,"1_90_4","2011-06-29",17.3,7.15,128,NA,4808,22.79,73.46,1140.3,38.6,2.8,1.074,27.73,3.58,7.4,3.3,0.82,3.47,0,0.005,"NA",NA,NA,-9.5,"Lake","USGS_RStriegl"
12315,"0_4_1","2011-06-29",20.3,8.44,1255,NA,4655,8.23,0,7584.6,173,4.4,7.64,18.2,25.37,18.7,392.14,26,77.24,NA,1.85,"NA",NA,NA,-8.94,"Lake","USGS_RStriegl"
12316,"0_18_5","2011-06-30",19.4,9.6,196,NA,0,93.43,113.32,1209,31.9,2.2,0.7,15.47,0.17,9,19.7,0.91,2.39,0.05,0.005,"NA",NA,NA,-8.03,"Lake","USGS_RStriegl"
12317,"0_4_2","2011-06-30",19.3,8.74,4064,NA,7325,20.6,NA,22663.9,507,4.2,21.1,19.03,48.11,76.7,1575.38,49.08,NA,NA,1.41,"NA",NA,NA,-6.59,"Lake","USGS_RStriegl"
12318,"0_4_4","2011-06-30",17.2,9.34,9052,NA,4451,7.41,NA,42739,1130,4.3,49.2,40.03,95.59,69.2,4803.02,140.49,NA,NA,NA,"NA",NA,NA,-5.21,"Lake","USGS_RStriegl"
12319,"0_4_3","2011-07-01",18.4,8.41,3051,NA,9487,44.55,NA,19579.3,433,4.5,19.3,22.42,48.7,59.1,1129.49,50.83,NA,NA,NA,"NA",NA,NA,-9.73,"Lake","USGS_RStriegl"
12320,"1_98_1","2011-07-02",18.9,7.65,140,NA,130,19.01,83.86,1099.4,27.9,2.1,0.577,20.56,3.54,7.1,2.7,1.3,0.68,0,0.17,"NA",NA,NA,-4.33,"Lake","USGS_RStriegl"
12813,"0_35_1","2011-07-27",20.5,7.75,1200,NA,5316,22.79,833.84,11358.6,58.4,3.1,1.849,32.67,11.64,21.2,398.83,15.13,2.75,0.006,1.52,"NA",NA,NA,0.14,"Lake","USGS_RStriegl"
12814,"0_15_1","2011-07-28",20.7,8.94,446,NA,615,38.4,247.08,3080.4,60.6,1.9,1.126,47.07,12.12,30.7,29.54,14.64,31.24,0.262,0.73,"NA",NA,NA,-2.11,"Lake","USGS_RStriegl"
12815,"0_35_2","2011-07-29",20.3,8.63,302,NA,224,54.25,192.12,2192.7,45.9,2.3,1.05,26.6,4.94,16.1,33.07,6.24,5.08,0.081,0.005,"NA",NA,NA,-3.75,"Lake","USGS_RStriegl"
12816,"0_97_2","2011-07-29",20.7,9.95,193,NA,0,32.45,85.14,723.2,51.2,1.9,0.8,24.46,3.73,8.7,5.41,1.92,0.45,0.088,0.24,"NA",NA,NA,-12.76,"Lake","USGS_RStriegl"
12817,"0_36_2","2011-07-30",19.5,7.74,164,NA,0,118.03,90.43,766.6,32.2,1.5,0.488,16.72,3.34,9.9,6.37,2.79,0.015,0.045,0.005,"NA",NA,NA,-11.79,"Lake","USGS_RStriegl"
12818,"0_97_3","2011-07-30",19.2,9.32,452,NA,263,130.62,226.42,2886.2,36.5,1.7,0.607,15.55,5.27,24.2,49.3,13.23,0.015,0.092,0.005,"NA",NA,NA,-10.31,"Lake","USGS_RStriegl"
12819,"0_97_1","2011-07-30",18.9,9.6,231,NA,58,34.19,102.09,1169.6,36.2,2,0.727,17.99,3.05,9.1,17.78,6.16,4.94,0.091,0.005,"NA",NA,NA,-0.6,"Lake","USGS_RStriegl"
12820,"0_36_1","2011-07-31",15.5,7.32,330,NA,2164,350.18,187,1522.3,53.9,1.4,0.738,45.07,10.57,17,10.88,11.88,0.81,0.174,0.005,"NA",NA,NA,6.25,"Lake","USGS_RStriegl"
12821,"0_36_3","2011-07-31",15.9,7.31,286,NA,1343,81.47,172.73,2426.2,52.9,1.5,0.81,46.81,7.06,13.7,8.2,6.26,1.5,0.101,1.2,"NA",NA,NA,6.16,"Lake","USGS_RStriegl"
12857,"1_42_1","2011-08-02",18.5,7.21,82,NA,4704,18.91,NA,577.8,32.7,3.5,1.157,15.27,2.88,4.5,3.6,NA,NA,0.081,NA,"NA",NA,NA,-13.6,"Lake","USGS_RStriegl"
12858,"1_46_2","2011-08-05",18.1,7.03,278,NA,1836,15.26,150.97,2422.6,33.5,1.7,0.569,26.65,4.89,19.9,7.86,2.1,0.71,0.03,0.005,"NA",NA,NA,-2.52,"Lake","USGS_RStriegl"
12859,"1_71_1","2011-08-04",18.4,9.13,167,NA,134,16.33,87.24,1103.2,24.6,1.6,0.391,18.15,2.68,8.9,2.92,0.97,0.31,0.021,0.005,"NA",NA,NA,-5.38,"Lake","USGS_RStriegl"
12860,"1_71_2","2011-08-05",18.1,8.08,336,NA,2004,57.51,159.59,2287.5,41.6,1.4,0.578,34.09,9.42,14.3,7.36,3.95,1.22,0.265,0.005,"NA",NA,NA,4.61,"Lake","USGS_RStriegl"
12861,"1_46_1","2011-08-07",17.2,7.7,251,NA,1195,18.39,174.35,2494.9,41.6,2.1,0.892,27.75,5.13,22.7,8.64,2.58,2.06,0.048,0.005,"NA",NA,NA,-2.73,"Lake","USGS_RStriegl"
12862,"1_48_2","2011-08-05",17.2,9.03,1032,NA,576,41.42,NA,8165.2,61.7,1.5,0.899,10.59,41.47,104.8,123.32,29.44,0.015,0.183,0.005,"NA",NA,NA,7.3,"Lake","USGS_RStriegl"
12863,"1_48_1","2011-08-05",14.7,8.75,262,NA,859,7.09,NA,2360.4,21,1.9,0.389,22.23,10.28,18,9.06,4.15,0.015,0.006,0.14,"NA",NA,NA,4.2,"Lake","USGS_RStriegl"
12864,"1_46_3","2011-08-07",16.5,7.8,166,NA,0,61.28,NA,881.3,30.7,1.4,0.423,14.2,2.99,13.7,5.23,1.12,0.015,0.088,0.05,"NA",NA,NA,-11.28,"Lake","USGS_RStriegl"
12888,"1_53_1","2011-08-10",15.2,6.75,173,NA,3852,24.91,94.6,1487.1,36.2,2.6,0.927,30.85,8.39,9.7,5.53,2.09,6.27,0.093,0.07,"NA",NA,NA,-3.78,"Lake","USGS_RStriegl"
12889,"0_28_1","2011-08-11",14,10.44,397,NA,0,13.26,NA,706.3,38.1,1.7,0.66,19.43,11.15,23.2,16.54,3.68,118.81,0.175,0.005,"NA",NA,NA,-17.11,"Lake","USGS_RStriegl"
12890,"1_63_2","2011-08-12",15,7.56,316,NA,53,33.86,201.05,2000,59,1.6,0.93,17.25,16.26,30,25.42,13.62,0.69,0.127,0.005,"NA",NA,NA,-7.32,"Lake","USGS_RStriegl"
12891,"1_50_3","2011-08-12",14.9,9.15,181,NA,212,20.63,82.32,1042.9,27.1,2.6,0.702,22.92,3.26,8.3,2.27,1.01,8.13,0.069,0.005,"NA",NA,NA,-7.54,"Lake","USGS_RStriegl"
12892,"1_53_4","2011-08-12",15.7,7.02,616,NA,6105,18.87,NA,1004.8,39.3,2.4,0.943,103.48,9.76,30.2,5.46,1.7,278.89,0.084,0.005,"NA",NA,NA,-8.71,"Lake","USGS_RStriegl"
12893,"1_63_5","2011-08-13",15.8,7.48,310,NA,932,12.2,200.26,2796,28.7,1.2,0.34,24.28,8.92,28,11.18,5.04,2.06,0.066,0.005,"NA",NA,NA,-1.2,"Lake","USGS_RStriegl"
12894,"1_50_1","2011-08-13",15.6,9.61,222,NA,54,19.72,NA,1281.7,24.7,1.2,0.304,13.83,3.98,16.3,6.42,2.37,1.76,0.063,0.005,"NA",NA,NA,-6.18,"Lake","USGS_RStriegl"
12895,"1_63_3","2011-08-14",15.2,7.44,233,NA,912,70.22,148.7,2115.9,23.9,1.4,0.336,25.41,11.41,15.7,6.66,3.6,0.015,0.059,0.005,"NA",NA,NA,-0.04,"Lake","USGS_RStriegl"
12896,"1_63_1","2011-08-14",14.2,7.39,321,NA,1223,15.43,147.06,2072.7,23.6,2.7,0.643,59.6,1.71,20.5,3.68,1.26,67.34,0.046,0.35,"NA",NA,NA,-7.97,"Lake","USGS_RStriegl"
12897,"0_28_5","2011-08-15",12.7,7.43,250,NA,4073,57.37,NA,2197.1,31.6,2.8,0.897,39.74,13.28,10.8,4.16,1.78,19.43,0.065,0.005,"NA",NA,NA,-7.07,"Lake","USGS_RStriegl"
12898,"1_53_2","2011-08-15",14,7.56,193,NA,2608,154.7,115.75,1745.9,18.4,2,0.373,29.37,2.51,9.2,2.87,0.79,2.16,0.042,0.005,"NA",NA,NA,-2.55,"Lake","USGS_RStriegl"
12899,"0_28_4","2011-08-16",13.1,9.15,257,NA,50,14.02,145.59,1447.6,34.8,1.5,0.52,NA,NA,NA,NA,3.44,2.03,0.094,0.005,"NA",NA,NA,-6.35,"Lake","USGS_RStriegl"
12900,"1_50_4","2011-08-17",14.5,9.86,138,NA,12,32.3,61.55,1020.2,22.9,1.6,0.357,11.88,1.82,7.7,2.45,0.78,1.04,0.071,0.005,"NA",NA,NA,-9.12,"Lake","USGS_RStriegl"
12901,"1_63_4","2011-08-17",13.8,7.68,248,NA,0,24.9,105.43,973.9,37.8,1.7,0.641,21.69,13.24,18.6,9.37,4.47,43.21,0.1,0.005,"NA",NA,NA,-14.16,"Lake","USGS_RStriegl"
12902,"1_50_2","2011-08-17",14.9,9.86,197,NA,0,21.46,100.36,606.2,28.6,1.4,0.391,13.67,4.48,14.4,5.87,1.95,0.59,0.054,0.005,"NA",NA,NA,-13.48,"Lake","USGS_RStriegl"
12903,"0_28_3","2011-08-17",13,9.82,316,NA,0,15.39,103.82,800.1,39.2,2.1,0.837,27.47,13.24,20.4,13.8,2.07,76.05,0.089,0.005,"NA",NA,NA,-15.33,"Lake","USGS_RStriegl"
